5,96,DziPZUmLtw6vPn/cgxHRruZCBLM=,LXiS7oiFwJNRPEp0dtNEO3GmE8M=
3,96,DziPZUmLtw6vPn/cgxHRruZCBLM=,LXiS7oiFwJNRPEp0dtNEO3GmE8M=
6,96,DziPZUmLtw6vPn/cgxHRruZCBLM=,LXiS7oiFwJNRPEp0dtNEO3GmE8M=
1,96,DziPZUmLtw6vPn/cgxHRruZCBLM=,LXiS7oiFwJNRPEp0dtNEO3GmE8M=
2,96,DziPZUmLtw6vPn/cgxHRruZCBLM=,LXiS7oiFwJNRPEp0dtNEO3GmE8M=
4,96,DziPZUmLtw6vPn/cgxHRruZCBLM=,LXiS7oiFwJNRPEp0dtNEO3GmE8M=
14,96,DziPZUmLtw6vPn/cgxHRruZCBLM=,LXiS7oiFwJNRPEp0dtNEO3GmE8M=
13,96,DziPZUmLtw6vPn/cgxHRruZCBLM=,LXiS7oiFwJNRPEp0dtNEO3GmE8M=
15,96,DziPZUmLtw6vPn/cgxHRruZCBLM=,LXiS7oiFwJNRPEp0dtNEO3GmE8M=
10,96,DziPZUmLtw6vPn/cgxHRruZCBLM=,LXiS7oiFwJNRPEp0dtNEO3GmE8M=
9,96,DziPZUmLtw6vPn/cgxHRruZCBLM=,LXiS7oiFwJNRPEp0dtNEO3GmE8M=
8,96,DziPZUmLtw6vPn/cgxHRruZCBLM=,LXiS7oiFwJNRPEp0dtNEO3GmE8M=
0,96,DziPZUmLtw6vPn/cgxHRruZCBLM=,LXiS7oiFwJNRPEp0dtNEO3GmE8M=
11,96,DziPZUmLtw6vPn/cgxHRruZCBLM=,LXiS7oiFwJNRPEp0dtNEO3GmE8M=
7,96,DziPZUmLtw6vPn/cgxHRruZCBLM=,LXiS7oiFwJNRPEp0dtNEO3GmE8M=
12,96,DziPZUmLtw6vPn/cgxHRruZCBLM=,LXiS7oiFwJNRPEp0dtNEO3GmE8M=
22,96,AJg4LT+PsUCkSwXzMGER4toYecQ=,LXiS7oiFwJNRPEp0dtNEO3GmE8M=
21,96,AJg4LT+PsUCkSwXzMGER4toYecQ=,LXiS7oiFwJNRPEp0dtNEO3GmE8M=
18,96,AJg4LT+PsUCkSwXzMGER4toYecQ=,LXiS7oiFwJNRPEp0dtNEO3GmE8M=
20,96,AJg4LT+PsUCkSwXzMGER4toYecQ=,LXiS7oiFwJNRPEp0dtNEO3GmE8M=
31,96,AJg4LT+PsUCkSwXzMGER4toYecQ=,LXiS7oiFwJNRPEp0dtNEO3GmE8M=
19,96,AJg4LT+PsUCkSwXzMGER4toYecQ=,LXiS7oiFwJNRPEp0dtNEO3GmE8M=
17,96,AJg4LT+PsUCkSwXzMGER4toYecQ=,LXiS7oiFwJNRPEp0dtNEO3GmE8M=
28,96,AJg4LT+PsUCkSwXzMGER4toYecQ=,LXiS7oiFwJNRPEp0dtNEO3GmE8M=
27,96,AJg4LT+PsUCkSwXzMGER4toYecQ=,LXiS7oiFwJNRPEp0dtNEO3GmE8M=
30,96,AJg4LT+PsUCkSwXzMGER4toYecQ=,LXiS7oiFwJNRPEp0dtNEO3GmE8M=
26,96,AJg4LT+PsUCkSwXzMGER4toYecQ=,LXiS7oiFwJNRPEp0dtNEO3GmE8M=
29,96,AJg4LT+PsUCkSwXzMGER4toYecQ=,LXiS7oiFwJNRPEp0dtNEO3GmE8M=
25,96,AJg4LT+PsUCkSwXzMGER4toYecQ=,LXiS7oiFwJNRPEp0dtNEO3GmE8M=
16,96,AJg4LT+PsUCkSwXzMGER4toYecQ=,LXiS7oiFwJNRPEp0dtNEO3GmE8M=
23,96,AJg4LT+PsUCkSwXzMGER4toYecQ=,LXiS7oiFwJNRPEp0dtNEO3GmE8M=
24,96,AJg4LT+PsUCkSwXzMGER4toYecQ=,LXiS7oiFwJNRPEp0dtNEO3GmE8M=
